fecha,id_tienda,clima,competitor_price_index,indice_trafico
2024-01-01,STORE_01,Sunny,1.01,85.6
2024-01-01,STORE_02,Sunny,1.01,49.5
2024-01-01,STORE_03,Sunny,1.03,55.2
2024-01-01,STORE_04,Sunny,1.0,80.6
2024-01-01,STORE_05,Sunny,0.99,83.0
2024-01-01,STORE_06,Sunny,1.06,83.1
2024-01-01,STORE_07,Sunny,0.85,90.9
2024-01-01,STORE_08,Sunny,1.01,56.6
2024-01-01,STORE_09,Sunny,0.98,49.8
2024-01-01,STORE_10,Sunny,1.05,61.2
2024-01-02,STORE_01,Cloudy,0.96,70.9
2024-01-02,STORE_02,Cloudy,0.97,61.5
2024-01-02,STORE_03,Cloudy,0.97,41.1
2024-01-02,STORE_04,Cloudy,1.04,69.6
2024-01-02,STORE_05,Cloudy,1.04,90.2
2024-01-02,STORE_06,Cloudy,0.97,89.2
2024-01-02,STORE_07,Cloudy,1.06,92.0
2024-01-02,STORE_08,Cloudy,1.02,55.8
2024-01-02,STORE_09,Cloudy,1.01,42.3
2024-01-02,STORE_10,Cloudy,1.0,41.8
2024-01-03,STORE_01,Sunny,0.99,68.2
2024-01-03,STORE_02,Sunny,0.98,42.1
2024-01-03,STORE_03,Sunny,1.01,31.1
2024-01-03,STORE_04,Sunny,0.96,75.0
2024-01-03,STORE_05,Sunny,1.05,91.6
2024-01-03,STORE_06,Sunny,0.96,68.9
2024-01-03,STORE_07,Sunny,0.95,77.3
2024-01-03,STORE_08,Sunny,0.99,58.3
2024-01-03,STORE_09,Sunny,0.9,47.4
2024-01-03,STORE_10,Sunny,0.94,56.4
2024-01-04,STORE_01,Rainy,1.06,58.5
2024-01-04,STORE_02,Rainy,1.02,41.5
2024-01-04,STORE_03,Rainy,1.05,50.1
2024-01-04,STORE_04,Rainy,0.94,96.9
2024-01-04,STORE_05,Rainy,1.01,78.5
2024-01-04,STORE_06,Rainy,1.04,73.9
2024-01-04,STORE_07,Rainy,1.03,93.4
2024-01-04,STORE_08,Rainy,1.07,52.4
2024-01-04,STORE_09,Rainy,1.0,38.4
2024-01-04,STORE_10,Rainy,1.04,42.6
2024-01-05,STORE_01,Sunny,0.98,68.1
2024-01-05,STORE_02,Sunny,1.01,44.8
2024-01-05,STORE_03,Sunny,1.06,41.8
2024-01-05,STORE_04,Sunny,1.0,75.0
2024-01-05,STORE_05,Sunny,1.01,81.7
2024-01-05,STORE_06,Sunny,0.96,93.3
2024-01-05,STORE_07,Sunny,0.98,78.4
2024-01-05,STORE_08,Sunny,0.96,36.5
2024-01-05,STORE_09,Sunny,1.04,45.2
2024-01-05,STORE_10,Sunny,1.01,52.6
2024-01-06,STORE_01,Sunny,1.04,27.7
2024-01-06,STORE_02,Sunny,1.1,69.3
2024-01-06,STORE_03,Sunny,0.93,85.7
2024-01-06,STORE_04,Sunny,0.96,35.2
2024-01-06,STORE_05,Sunny,1.0,21.9
2024-01-06,STORE_06,Sunny,1.05,9.4
2024-01-06,STORE_07,Sunny,0.99,22.0
2024-01-06,STORE_08,Sunny,1.01,65.6
2024-01-06,STORE_09,Sunny,0.99,74.1
2024-01-06,STORE_10,Sunny,1.0,41.7
2024-01-07,STORE_01,Sunny,0.94,24.5
2024-01-07,STORE_02,Sunny,0.99,64.9
2024-01-07,STORE_03,Sunny,1.07,65.5
2024-01-07,STORE_04,Sunny,1.02,33.3
2024-01-07,STORE_05,Sunny,0.94,26.2
2024-01-07,STORE_06,Sunny,1.0,30.4
2024-01-07,STORE_07,Sunny,0.95,26.7
2024-01-07,STORE_08,Sunny,1.04,54.5
2024-01-07,STORE_09,Sunny,0.95,73.8
2024-01-07,STORE_10,Sunny,1.06,61.3
2024-01-08,STORE_01,Cloudy,0.96,90.5
2024-01-08,STORE_02,Cloudy,0.99,51.9
2024-01-08,STORE_03,Cloudy,0.93,41.2
2024-01-08,STORE_04,Cloudy,1.01,57.6
2024-01-08,STORE_05,Cloudy,0.94,69.7
2024-01-08,STORE_06,Cloudy,0.87,82.8
2024-01-08,STORE_07,Cloudy,0.88,92.8
2024-01-08,STORE_08,Cloudy,1.0,49.2
2024-01-08,STORE_09,Cloudy,1.0,55.4
2024-01-08,STORE_10,Cloudy,1.01,70.2
2024-01-09,STORE_01,Sunny,1.04,82.2
2024-01-09,STORE_02,Sunny,1.0,54.4
2024-01-09,STORE_03,Sunny,1.03,56.7
2024-01-09,STORE_04,Sunny,0.97,71.5
2024-01-09,STORE_05,Sunny,1.08,86.0
2024-01-09,STORE_06,Sunny,0.93,72.6
2024-01-09,STORE_07,Sunny,1.0,86.6
2024-01-09,STORE_08,Sunny,1.01,51.7
2024-01-09,STORE_09,Sunny,1.07,47.8
2024-01-09,STORE_10,Sunny,0.96,34.0
2024-01-10,STORE_01,Sunny,0.96,67.6
2024-01-10,STORE_02,Sunny,0.99,66.7
2024-01-10,STORE_03,Sunny,1.0,43.0
2024-01-10,STORE_04,Sunny,1.0,80.4
2024-01-10,STORE_05,Sunny,0.97,82.9
2024-01-10,STORE_06,Sunny,0.97,78.4
2024-01-10,STORE_07,Sunny,0.95,88.4
2024-01-10,STORE_08,Sunny,1.07,53.9
2024-01-10,STORE_09,Sunny,0.98,53.3
2024-01-10,STORE_10,Sunny,1.08,37.0
2024-01-11,STORE_01,Cloudy,0.94,66.9
2024-01-11,STORE_02,Cloudy,1.02,47.7
2024-01-11,STORE_03,Cloudy,1.0,59.9
2024-01-11,STORE_04,Cloudy,1.01,71.8
2024-01-11,STORE_05,Cloudy,1.1,76.6
2024-01-11,STORE_06,Cloudy,1.01,68.9
2024-01-11,STORE_07,Cloudy,1.0,100.0
2024-01-11,STORE_08,Cloudy,0.98,48.1
2024-01-11,STORE_09,Cloudy,1.07,48.2
2024-01-11,STORE_10,Cloudy,1.08,27.9
2024-01-12,STORE_01,Sunny,0.94,73.0
2024-01-12,STORE_02,Sunny,1.02,54.5
2024-01-12,STORE_03,Sunny,1.02,50.5
2024-01-12,STORE_04,Sunny,0.92,70.8
2024-01-12,STORE_05,Sunny,1.01,77.8
2024-01-12,STORE_06,Sunny,1.0,86.6
2024-01-12,STORE_07,Sunny,0.97,90.5
2024-01-12,STORE_08,Sunny,1.03,50.3
2024-01-12,STORE_09,Sunny,0.94,49.2
2024-01-12,STORE_10,Sunny,1.04,40.4
2024-01-13,STORE_01,Cloudy,1.02,20.4
2024-01-13,STORE_02,Cloudy,1.02,84.8
2024-01-13,STORE_03,Cloudy,1.0,66.9
2024-01-13,STORE_04,Cloudy,1.03,17.5
2024-01-13,STORE_05,Cloudy,0.98,28.8
2024-01-13,STORE_06,Cloudy,1.01,15.3
2024-01-13,STORE_07,Cloudy,1.0,15.6
2024-01-13,STORE_08,Cloudy,0.99,91.0
2024-01-13,STORE_09,Cloudy,0.97,66.4
2024-01-13,STORE_10,Cloudy,0.99,77.4
2024-01-14,STORE_01,Rainy,0.92,16.6
2024-01-14,STORE_02,Rainy,1.01,72.5
2024-01-14,STORE_03,Rainy,1.03,71.0
2024-01-14,STORE_04,Rainy,0.97,41.9
2024-01-14,STORE_05,Rainy,0.92,24.1
2024-01-14,STORE_06,Rainy,0.94,33.8
2024-01-14,STORE_07,Rainy,0.97,12.9
2024-01-14,STORE_08,Rainy,1.0,54.7
2024-01-14,STORE_09,Rainy,0.99,72.1
2024-01-14,STORE_10,Rainy,1.1,54.6
2024-01-15,STORE_01,Cloudy,1.01,91.2
2024-01-15,STORE_02,Cloudy,0.93,41.0
2024-01-15,STORE_03,Cloudy,1.05,48.1
2024-01-15,STORE_04,Cloudy,1.08,73.7
2024-01-15,STORE_05,Cloudy,1.0,70.5
2024-01-15,STORE_06,Cloudy,1.02,72.5
2024-01-15,STORE_07,Cloudy,0.98,93.9
2024-01-15,STORE_08,Cloudy,1.01,24.0
2024-01-15,STORE_09,Cloudy,1.02,54.4
2024-01-15,STORE_10,Cloudy,0.95,62.4
2024-01-16,STORE_01,Cloudy,1.02,65.5
2024-01-16,STORE_02,Cloudy,1.05,51.1
2024-01-16,STORE_03,Cloudy,0.92,44.3
2024-01-16,STORE_04,Cloudy,0.87,81.9
2024-01-16,STORE_05,Cloudy,0.95,77.7
2024-01-16,STORE_06,Cloudy,0.96,74.7
2024-01-16,STORE_07,Cloudy,1.04,97.2
2024-01-16,STORE_08,Cloudy,1.06,47.5
2024-01-16,STORE_09,Cloudy,0.94,39.4
2024-01-16,STORE_10,Cloudy,1.03,58.6
2024-01-17,STORE_01,Sunny,0.99,82.8
2024-01-17,STORE_02,Sunny,1.07,44.0
2024-01-17,STORE_03,Sunny,1.05,67.4
2024-01-17,STORE_04,Sunny,0.96,75.9
2024-01-17,STORE_05,Sunny,1.03,76.7
2024-01-17,STORE_06,Sunny,1.07,89.2
2024-01-17,STORE_07,Sunny,0.92,91.5
2024-01-17,STORE_08,Sunny,0.95,60.5
2024-01-17,STORE_09,Sunny,1.01,46.2
2024-01-17,STORE_10,Sunny,1.16,70.0
2024-01-18,STORE_01,Sunny,1.05,85.8
2024-01-18,STORE_02,Sunny,1.0,58.2
2024-01-18,STORE_03,Sunny,1.05,60.9
2024-01-18,STORE_04,Sunny,1.03,70.8
2024-01-18,STORE_05,Sunny,1.03,79.6
2024-01-18,STORE_06,Sunny,0.94,72.0
2024-01-18,STORE_07,Sunny,1.05,95.6
2024-01-18,STORE_08,Sunny,1.0,56.3
2024-01-18,STORE_09,Sunny,1.0,26.1
2024-01-18,STORE_10,Sunny,0.97,54.5
2024-01-19,STORE_01,Cloudy,1.0,72.1
2024-01-19,STORE_02,Cloudy,0.98,34.8
2024-01-19,STORE_03,Cloudy,1.03,58.9
2024-01-19,STORE_04,Cloudy,1.0,80.0
2024-01-19,STORE_05,Cloudy,0.97,85.1
2024-01-19,STORE_06,Cloudy,1.02,92.0
2024-01-19,STORE_07,Cloudy,0.97,89.9
2024-01-19,STORE_08,Cloudy,1.05,28.5
2024-01-19,STORE_09,Cloudy,0.96,45.2
2024-01-19,STORE_10,Cloudy,0.98,56.9
2024-01-20,STORE_01,Cloudy,1.04,23.5
2024-01-20,STORE_02,Cloudy,1.1,81.1
2024-01-20,STORE_03,Cloudy,0.97,70.7
2024-01-20,STORE_04,Cloudy,0.94,20.0
2024-01-20,STORE_05,Cloudy,0.92,32.5
2024-01-20,STORE_06,Cloudy,0.96,32.2
2024-01-20,STORE_07,Cloudy,0.99,13.1
2024-01-20,STORE_08,Cloudy,1.05,63.0
2024-01-20,STORE_09,Cloudy,0.97,88.1
2024-01-20,STORE_10,Cloudy,0.99,65.7
2024-01-21,STORE_01,Sunny,1.03,31.6
2024-01-21,STORE_02,Sunny,1.07,81.2
2024-01-21,STORE_03,Sunny,0.93,66.4
2024-01-21,STORE_04,Sunny,1.01,25.9
2024-01-21,STORE_05,Sunny,0.95,10.4
2024-01-21,STORE_06,Sunny,1.0,23.4
2024-01-21,STORE_07,Sunny,0.96,20.3
2024-01-21,STORE_08,Sunny,0.95,67.7
2024-01-21,STORE_09,Sunny,1.05,78.9
2024-01-21,STORE_10,Sunny,0.95,51.5
2024-01-22,STORE_01,Sunny,0.97,66.7
2024-01-22,STORE_02,Sunny,0.99,32.5
2024-01-22,STORE_03,Sunny,0.94,59.5
2024-01-22,STORE_04,Sunny,1.02,75.9
2024-01-22,STORE_05,Sunny,1.01,84.2
2024-01-22,STORE_06,Sunny,0.96,87.0
2024-01-22,STORE_07,Sunny,1.06,100.0
2024-01-22,STORE_08,Sunny,1.05,61.9
2024-01-22,STORE_09,Sunny,1.05,34.3
2024-01-22,STORE_10,Sunny,0.92,56.6
2024-01-23,STORE_01,Rainy,1.02,80.5
2024-01-23,STORE_02,Rainy,0.93,53.9
2024-01-23,STORE_03,Rainy,1.06,60.5
2024-01-23,STORE_04,Rainy,1.0,72.7
2024-01-23,STORE_05,Rainy,1.03,69.7
2024-01-23,STORE_06,Rainy,1.0,90.7
2024-01-23,STORE_07,Rainy,0.98,96.2
2024-01-23,STORE_08,Rainy,0.95,55.6
2024-01-23,STORE_09,Rainy,0.99,49.8
2024-01-23,STORE_10,Rainy,0.98,52.3
2024-01-24,STORE_01,Rainy,0.98,58.9
2024-01-24,STORE_02,Rainy,0.98,66.8
2024-01-24,STORE_03,Rainy,1.0,50.2
2024-01-24,STORE_04,Rainy,1.06,90.7
2024-01-24,STORE_05,Rainy,0.95,93.1
2024-01-24,STORE_06,Rainy,1.03,88.6
2024-01-24,STORE_07,Rainy,0.96,78.0
2024-01-24,STORE_08,Rainy,0.98,67.1
2024-01-24,STORE_09,Rainy,1.05,66.1
2024-01-24,STORE_10,Rainy,1.02,54.1
2024-01-25,STORE_01,Rainy,1.04,75.8
2024-01-25,STORE_02,Rainy,0.94,54.8
2024-01-25,STORE_03,Rainy,1.04,58.7
2024-01-25,STORE_04,Rainy,1.0,67.4
2024-01-25,STORE_05,Rainy,0.99,91.8
2024-01-25,STORE_06,Rainy,1.12,95.7
2024-01-25,STORE_07,Rainy,0.93,77.1
2024-01-25,STORE_08,Rainy,1.04,53.0
2024-01-25,STORE_09,Rainy,1.07,47.7
2024-01-25,STORE_10,Rainy,1.03,36.6
2024-01-26,STORE_01,Cloudy,0.9,58.8
2024-01-26,STORE_02,Cloudy,1.01,55.4
2024-01-26,STORE_03,Cloudy,0.91,45.2
2024-01-26,STORE_04,Cloudy,1.0,68.1
2024-01-26,STORE_05,Cloudy,1.0,92.9
2024-01-26,STORE_06,Cloudy,0.98,87.5
2024-01-26,STORE_07,Cloudy,0.95,100.0
2024-01-26,STORE_08,Cloudy,0.98,43.0
2024-01-26,STORE_09,Cloudy,0.95,55.4
2024-01-26,STORE_10,Cloudy,1.01,51.4
2024-01-27,STORE_01,Cloudy,0.97,26.7
2024-01-27,STORE_02,Cloudy,0.96,59.1
2024-01-27,STORE_03,Cloudy,1.06,99.5
2024-01-27,STORE_04,Cloudy,0.93,16.5
2024-01-27,STORE_05,Cloudy,1.03,24.8
2024-01-27,STORE_06,Cloudy,0.99,25.5
2024-01-27,STORE_07,Cloudy,1.02,18.7
2024-01-27,STORE_08,Cloudy,0.89,70.9
2024-01-27,STORE_09,Cloudy,0.96,67.7
2024-01-27,STORE_10,Cloudy,1.15,71.8
2024-01-28,STORE_01,Sunny,1.04,34.2
2024-01-28,STORE_02,Sunny,1.01,71.7
2024-01-28,STORE_03,Sunny,1.08,66.1
2024-01-28,STORE_04,Sunny,1.02,19.0
2024-01-28,STORE_05,Sunny,1.03,10.1
2024-01-28,STORE_06,Sunny,1.04,9.6
2024-01-28,STORE_07,Sunny,1.09,21.1
2024-01-28,STORE_08,Sunny,1.02,67.2
2024-01-28,STORE_09,Sunny,0.99,62.2
2024-01-28,STORE_10,Sunny,0.92,71.1
2024-01-29,STORE_01,Cloudy,0.97,61.2
2024-01-29,STORE_02,Cloudy,1.1,60.2
2024-01-29,STORE_03,Cloudy,0.91,34.1
2024-01-29,STORE_04,Cloudy,1.02,93.7
2024-01-29,STORE_05,Cloudy,1.03,76.3
2024-01-29,STORE_06,Cloudy,1.0,58.6
2024-01-29,STORE_07,Cloudy,1.05,88.3
2024-01-29,STORE_08,Cloudy,1.0,39.9
2024-01-29,STORE_09,Cloudy,1.01,40.7
2024-01-29,STORE_10,Cloudy,0.98,41.0
2024-01-30,STORE_01,Cloudy,0.94,70.3
2024-01-30,STORE_02,Cloudy,1.01,48.7
2024-01-30,STORE_03,Cloudy,1.01,23.2
2024-01-30,STORE_04,Cloudy,0.96,74.5
2024-01-30,STORE_05,Cloudy,1.05,100.0
2024-01-30,STORE_06,Cloudy,1.04,74.0
2024-01-30,STORE_07,Cloudy,1.01,97.4
2024-01-30,STORE_08,Cloudy,1.02,53.6
2024-01-30,STORE_09,Cloudy,0.99,29.1
2024-01-30,STORE_10,Cloudy,1.07,47.6
2024-01-31,STORE_01,Sunny,1.0,67.0
2024-01-31,STORE_02,Sunny,0.98,62.4
2024-01-31,STORE_03,Sunny,1.0,49.6
2024-01-31,STORE_04,Sunny,0.89,83.5
2024-01-31,STORE_05,Sunny,1.01,78.9
2024-01-31,STORE_06,Sunny,0.98,97.0
2024-01-31,STORE_07,Sunny,1.03,66.2
2024-01-31,STORE_08,Sunny,0.94,43.6
2024-01-31,STORE_09,Sunny,0.99,43.8
2024-01-31,STORE_10,Sunny,0.89,44.0
2024-02-01,STORE_01,Cloudy,1.05,87.9
2024-02-01,STORE_02,Cloudy,1.11,47.9
2024-02-01,STORE_03,Cloudy,1.08,52.7
2024-02-01,STORE_04,Cloudy,1.02,89.0
2024-02-01,STORE_05,Cloudy,1.03,92.5
2024-02-01,STORE_06,Cloudy,1.0,73.6
2024-02-01,STORE_07,Cloudy,1.08,95.7
2024-02-01,STORE_08,Cloudy,1.03,42.8
2024-02-01,STORE_09,Cloudy,0.99,51.5
2024-02-01,STORE_10,Cloudy,1.01,53.6
2024-02-02,STORE_01,Cloudy,1.05,92.0
2024-02-02,STORE_02,Cloudy,1.05,51.9
2024-02-02,STORE_03,Cloudy,1.02,39.7
2024-02-02,STORE_04,Cloudy,0.99,93.1
2024-02-02,STORE_05,Cloudy,0.97,76.5
2024-02-02,STORE_06,Cloudy,0.96,74.1
2024-02-02,STORE_07,Cloudy,0.93,81.3
2024-02-02,STORE_08,Cloudy,1.05,50.2
2024-02-02,STORE_09,Cloudy,1.08,40.9
2024-02-02,STORE_10,Cloudy,1.05,55.1
2024-02-03,STORE_01,Cloudy,0.95,39.3
2024-02-03,STORE_02,Cloudy,1.0,71.0
2024-02-03,STORE_03,Cloudy,1.06,55.8
2024-02-03,STORE_04,Cloudy,0.97,21.8
2024-02-03,STORE_05,Cloudy,1.04,9.9
2024-02-03,STORE_06,Cloudy,1.03,4.7
2024-02-03,STORE_07,Cloudy,1.03,30.4
2024-02-03,STORE_08,Cloudy,1.04,77.1
2024-02-03,STORE_09,Cloudy,1.07,60.5
2024-02-03,STORE_10,Cloudy,1.0,65.4
2024-02-04,STORE_01,Sunny,0.92,33.5
2024-02-04,STORE_02,Sunny,0.99,71.0
2024-02-04,STORE_03,Sunny,0.98,76.8
2024-02-04,STORE_04,Sunny,1.04,26.7
2024-02-04,STORE_05,Sunny,1.02,23.4
2024-02-04,STORE_06,Sunny,0.92,24.7
2024-02-04,STORE_07,Sunny,1.03,27.6
2024-02-04,STORE_08,Sunny,0.99,59.8
2024-02-04,STORE_09,Sunny,0.99,69.6
2024-02-04,STORE_10,Sunny,1.07,73.3
2024-02-05,STORE_01,Sunny,1.03,63.0
2024-02-05,STORE_02,Sunny,1.03,63.3
2024-02-05,STORE_03,Sunny,1.1,60.7
2024-02-05,STORE_04,Sunny,1.02,84.7
2024-02-05,STORE_05,Sunny,1.09,100.0
2024-02-05,STORE_06,Sunny,0.98,100.0
2024-02-05,STORE_07,Sunny,0.97,71.5
2024-02-05,STORE_08,Sunny,1.01,57.0
2024-02-05,STORE_09,Sunny,1.03,47.9
2024-02-05,STORE_10,Sunny,1.01,35.3
2024-02-06,STORE_01,Rainy,1.04,81.3
2024-02-06,STORE_02,Rainy,1.01,44.1
2024-02-06,STORE_03,Rainy,0.97,69.5
2024-02-06,STORE_04,Rainy,1.07,64.4
2024-02-06,STORE_05,Rainy,1.0,100.0
2024-02-06,STORE_06,Rainy,1.07,95.1
2024-02-06,STORE_07,Rainy,0.98,77.6
2024-02-06,STORE_08,Rainy,1.08,62.3
2024-02-06,STORE_09,Rainy,0.96,55.6
2024-02-06,STORE_10,Rainy,0.97,69.9
2024-02-07,STORE_01,Rainy,1.07,80.2
2024-02-07,STORE_02,Rainy,1.02,58.5
2024-02-07,STORE_03,Rainy,1.15,40.2
2024-02-07,STORE_04,Rainy,0.98,64.0
2024-02-07,STORE_05,Rainy,1.03,68.5
2024-02-07,STORE_06,Rainy,1.04,86.5
2024-02-07,STORE_07,Rainy,1.06,67.6
2024-02-07,STORE_08,Rainy,0.99,41.9
2024-02-07,STORE_09,Rainy,1.01,59.3
2024-02-07,STORE_10,Rainy,1.04,53.3
2024-02-08,STORE_01,Sunny,0.96,81.3
2024-02-08,STORE_02,Sunny,0.97,59.0
2024-02-08,STORE_03,Sunny,1.04,52.5
2024-02-08,STORE_04,Sunny,1.02,74.7
2024-02-08,STORE_05,Sunny,0.99,79.8
2024-02-08,STORE_06,Sunny,0.96,82.9
2024-02-08,STORE_07,Sunny,0.92,83.2
2024-02-08,STORE_08,Sunny,0.99,45.1
2024-02-08,STORE_09,Sunny,0.99,47.4
2024-02-08,STORE_10,Sunny,1.02,49.4
2024-02-09,STORE_01,Sunny,1.05,68.9
2024-02-09,STORE_02,Sunny,0.96,39.9
2024-02-09,STORE_03,Sunny,0.97,46.2
2024-02-09,STORE_04,Sunny,0.94,88.7
2024-02-09,STORE_05,Sunny,1.02,81.2
2024-02-09,STORE_06,Sunny,0.98,93.8
2024-02-09,STORE_07,Sunny,0.99,65.8
2024-02-09,STORE_08,Sunny,1.01,63.5
2024-02-09,STORE_09,Sunny,0.95,52.4
2024-02-09,STORE_10,Sunny,1.0,38.3
2024-02-10,STORE_01,Cloudy,0.91,29.0
2024-02-10,STORE_02,Cloudy,0.96,69.2
2024-02-10,STORE_03,Cloudy,0.97,79.2
2024-02-10,STORE_04,Cloudy,0.97,28.8
2024-02-10,STORE_05,Cloudy,0.98,37.4
2024-02-10,STORE_06,Cloudy,1.04,38.3
2024-02-10,STORE_07,Cloudy,1.02,24.8
2024-02-10,STORE_08,Cloudy,0.9,73.9
2024-02-10,STORE_09,Cloudy,1.04,67.2
2024-02-10,STORE_10,Cloudy,0.93,69.5
2024-02-11,STORE_01,Cloudy,0.93,0.0
2024-02-11,STORE_02,Cloudy,1.05,65.8
2024-02-11,STORE_03,Cloudy,1.05,67.3
2024-02-11,STORE_04,Cloudy,0.9,24.7
2024-02-11,STORE_05,Cloudy,1.02,15.1
2024-02-11,STORE_06,Cloudy,0.94,22.6
2024-02-11,STORE_07,Cloudy,1.13,16.5
2024-02-11,STORE_08,Cloudy,1.03,57.7
2024-02-11,STORE_09,Cloudy,1.04,49.0
2024-02-11,STORE_10,Cloudy,1.02,61.1
2024-02-12,STORE_01,Cloudy,0.96,69.1
2024-02-12,STORE_02,Cloudy,0.97,43.9
2024-02-12,STORE_03,Cloudy,1.04,44.5
2024-02-12,STORE_04,Cloudy,1.01,64.0
2024-02-12,STORE_05,Cloudy,0.97,97.2
2024-02-12,STORE_06,Cloudy,0.99,77.8
2024-02-12,STORE_07,Cloudy,1.01,96.8
2024-02-12,STORE_08,Cloudy,1.02,44.7
2024-02-12,STORE_09,Cloudy,1.03,39.0
2024-02-12,STORE_10,Cloudy,0.98,54.1
2024-02-13,STORE_01,Sunny,1.02,78.0
2024-02-13,STORE_02,Sunny,1.03,63.5
2024-02-13,STORE_03,Sunny,0.94,48.6
2024-02-13,STORE_04,Sunny,0.99,67.9
2024-02-13,STORE_05,Sunny,1.0,93.3
2024-02-13,STORE_06,Sunny,0.96,78.4
2024-02-13,STORE_07,Sunny,1.04,84.3
2024-02-13,STORE_08,Sunny,0.99,65.9
2024-02-13,STORE_09,Sunny,0.94,49.6
2024-02-13,STORE_10,Sunny,0.93,69.4
2024-02-14,STORE_01,Rainy,1.07,69.7
2024-02-14,STORE_02,Rainy,1.02,46.1
2024-02-14,STORE_03,Rainy,0.89,51.4
2024-02-14,STORE_04,Rainy,1.01,82.7
2024-02-14,STORE_05,Rainy,1.2,90.1
2024-02-14,STORE_06,Rainy,1.09,64.2
2024-02-14,STORE_07,Rainy,1.01,82.1
2024-02-14,STORE_08,Rainy,0.98,49.5
2024-02-14,STORE_09,Rainy,1.02,44.3
2024-02-14,STORE_10,Rainy,1.04,34.8
2024-02-15,STORE_01,Sunny,0.98,87.2
2024-02-15,STORE_02,Sunny,0.97,64.3
2024-02-15,STORE_03,Sunny,0.98,53.3
2024-02-15,STORE_04,Sunny,0.94,82.5
2024-02-15,STORE_05,Sunny,1.01,92.4
2024-02-15,STORE_06,Sunny,0.99,78.6
2024-02-15,STORE_07,Sunny,1.01,100.0
2024-02-15,STORE_08,Sunny,0.94,43.0
2024-02-15,STORE_09,Sunny,1.01,55.1
2024-02-15,STORE_10,Sunny,0.93,57.0
2024-02-16,STORE_01,Cloudy,0.98,83.7
2024-02-16,STORE_02,Cloudy,1.05,41.1
2024-02-16,STORE_03,Cloudy,1.07,58.8
2024-02-16,STORE_04,Cloudy,0.99,69.0
2024-02-16,STORE_05,Cloudy,0.98,68.6
2024-02-16,STORE_06,Cloudy,0.98,95.0
2024-02-16,STORE_07,Cloudy,0.99,91.4
2024-02-16,STORE_08,Cloudy,0.94,53.2
2024-02-16,STORE_09,Cloudy,0.85,50.9
2024-02-16,STORE_10,Cloudy,0.92,48.1
2024-02-17,STORE_01,Cloudy,1.04,38.2
2024-02-17,STORE_02,Cloudy,1.01,78.7
2024-02-17,STORE_03,Cloudy,1.03,75.7
2024-02-17,STORE_04,Cloudy,0.94,36.4
2024-02-17,STORE_05,Cloudy,0.92,2.9
2024-02-17,STORE_06,Cloudy,1.03,17.3
2024-02-17,STORE_07,Cloudy,1.05,9.0
2024-02-17,STORE_08,Cloudy,0.98,65.0
2024-02-17,STORE_09,Cloudy,0.91,61.6
2024-02-17,STORE_10,Cloudy,1.09,72.3
2024-02-18,STORE_01,Sunny,1.0,10.9
2024-02-18,STORE_02,Sunny,1.1,56.3
2024-02-18,STORE_03,Sunny,1.01,79.1
2024-02-18,STORE_04,Sunny,0.96,42.6
2024-02-18,STORE_05,Sunny,1.01,25.4
2024-02-18,STORE_06,Sunny,1.06,22.6
2024-02-18,STORE_07,Sunny,1.01,27.3
2024-02-18,STORE_08,Sunny,0.95,53.5
2024-02-18,STORE_09,Sunny,1.0,68.8
2024-02-18,STORE_10,Sunny,1.12,58.7
2024-02-19,STORE_01,Sunny,0.97,76.5
2024-02-19,STORE_02,Sunny,1.1,54.2
2024-02-19,STORE_03,Sunny,1.03,32.6
2024-02-19,STORE_04,Sunny,1.02,74.3
2024-02-19,STORE_05,Sunny,0.99,80.7
2024-02-19,STORE_06,Sunny,0.98,86.3
2024-02-19,STORE_07,Sunny,0.99,69.8
2024-02-19,STORE_08,Sunny,1.03,35.8
2024-02-19,STORE_09,Sunny,1.05,31.3
2024-02-19,STORE_10,Sunny,1.02,54.3
2024-02-20,STORE_01,Sunny,0.93,62.1
2024-02-20,STORE_02,Sunny,1.05,44.2
2024-02-20,STORE_03,Sunny,0.86,34.8
2024-02-20,STORE_04,Sunny,1.03,70.5
2024-02-20,STORE_05,Sunny,0.98,97.0
2024-02-20,STORE_06,Sunny,1.06,80.9
2024-02-20,STORE_07,Sunny,0.98,66.3
2024-02-20,STORE_08,Sunny,1.02,51.9
2024-02-20,STORE_09,Sunny,1.0,44.9
2024-02-20,STORE_10,Sunny,0.97,25.1
2024-02-21,STORE_01,Sunny,1.0,76.6
2024-02-21,STORE_02,Sunny,1.02,67.2
2024-02-21,STORE_03,Sunny,0.96,48.7
2024-02-21,STORE_04,Sunny,0.95,77.7
2024-02-21,STORE_05,Sunny,1.02,86.8
2024-02-21,STORE_06,Sunny,0.97,82.8
2024-02-21,STORE_07,Sunny,1.06,63.1
2024-02-21,STORE_08,Sunny,1.02,54.0
2024-02-21,STORE_09,Sunny,1.07,34.4
2024-02-21,STORE_10,Sunny,0.99,45.3
2024-02-22,STORE_01,Sunny,0.96,92.3
2024-02-22,STORE_02,Sunny,1.01,44.4
2024-02-22,STORE_03,Sunny,0.98,38.0
2024-02-22,STORE_04,Sunny,0.98,78.2
2024-02-22,STORE_05,Sunny,0.97,84.1
2024-02-22,STORE_06,Sunny,1.02,69.9
2024-02-22,STORE_07,Sunny,1.0,100.0
2024-02-22,STORE_08,Sunny,1.03,52.3
2024-02-22,STORE_09,Sunny,1.09,37.3
2024-02-22,STORE_10,Sunny,1.08,52.0
2024-02-23,STORE_01,Cloudy,0.97,91.3
2024-02-23,STORE_02,Cloudy,1.01,47.0
2024-02-23,STORE_03,Cloudy,1.06,51.5
2024-02-23,STORE_04,Cloudy,1.06,72.7
2024-02-23,STORE_05,Cloudy,0.99,92.3
2024-02-23,STORE_06,Cloudy,0.98,91.5
2024-02-23,STORE_07,Cloudy,0.87,100.0
2024-02-23,STORE_08,Cloudy,0.91,56.7
2024-02-23,STORE_09,Cloudy,1.0,47.7
2024-02-23,STORE_10,Cloudy,0.97,65.1
2024-02-24,STORE_01,Sunny,1.03,40.4
2024-02-24,STORE_02,Sunny,1.03,68.7
2024-02-24,STORE_03,Sunny,1.04,62.9
2024-02-24,STORE_04,Sunny,1.05,46.5
2024-02-24,STORE_05,Sunny,1.02,12.7
2024-02-24,STORE_06,Sunny,1.03,7.1
2024-02-24,STORE_07,Sunny,0.91,24.5
2024-02-24,STORE_08,Sunny,0.99,58.4
2024-02-24,STORE_09,Sunny,0.94,67.0
2024-02-24,STORE_10,Sunny,1.01,73.9
2024-02-25,STORE_01,Sunny,0.99,21.6
2024-02-25,STORE_02,Sunny,1.02,58.7
2024-02-25,STORE_03,Sunny,0.97,66.3
2024-02-25,STORE_04,Sunny,0.99,24.1
2024-02-25,STORE_05,Sunny,0.97,20.8
2024-02-25,STORE_06,Sunny,1.0,16.4
2024-02-25,STORE_07,Sunny,1.0,18.2
2024-02-25,STORE_08,Sunny,1.05,63.2
2024-02-25,STORE_09,Sunny,0.97,71.0
2024-02-25,STORE_10,Sunny,1.0,73.4
2024-02-26,STORE_01,Cloudy,0.95,84.5
2024-02-26,STORE_02,Cloudy,0.99,54.7
2024-02-26,STORE_03,Cloudy,0.89,58.5
2024-02-26,STORE_04,Cloudy,0.97,74.0
2024-02-26,STORE_05,Cloudy,1.02,89.3
2024-02-26,STORE_06,Cloudy,0.96,77.9
2024-02-26,STORE_07,Cloudy,0.96,83.9
2024-02-26,STORE_08,Cloudy,0.98,58.4
2024-02-26,STORE_09,Cloudy,0.98,20.9
2024-02-26,STORE_10,Cloudy,0.92,39.6
2024-02-27,STORE_01,Cloudy,0.94,77.5
2024-02-27,STORE_02,Cloudy,1.04,56.1
2024-02-27,STORE_03,Cloudy,0.99,48.3
2024-02-27,STORE_04,Cloudy,0.93,66.9
2024-02-27,STORE_05,Cloudy,0.96,100.0
2024-02-27,STORE_06,Cloudy,0.96,100.0
2024-02-27,STORE_07,Cloudy,0.94,90.3
2024-02-27,STORE_08,Cloudy,0.98,55.2
2024-02-27,STORE_09,Cloudy,1.03,46.9
2024-02-27,STORE_10,Cloudy,0.93,45.3
2024-02-28,STORE_01,Sunny,1.03,84.8
2024-02-28,STORE_02,Sunny,1.03,59.8
2024-02-28,STORE_03,Sunny,0.98,39.0
2024-02-28,STORE_04,Sunny,1.07,67.2
2024-02-28,STORE_05,Sunny,1.04,73.0
2024-02-28,STORE_06,Sunny,1.09,93.9
2024-02-28,STORE_07,Sunny,1.04,80.9
2024-02-28,STORE_08,Sunny,0.97,72.8
2024-02-28,STORE_09,Sunny,0.91,34.6
2024-02-28,STORE_10,Sunny,0.91,57.1
2024-02-29,STORE_01,Rainy,1.03,84.3
2024-02-29,STORE_02,Rainy,1.01,64.7
2024-02-29,STORE_03,Rainy,0.96,56.6
2024-02-29,STORE_04,Rainy,0.98,80.9
2024-02-29,STORE_05,Rainy,1.04,80.5
2024-02-29,STORE_06,Rainy,1.08,94.0
2024-02-29,STORE_07,Rainy,1.05,100.0
2024-02-29,STORE_08,Rainy,1.09,32.8
2024-02-29,STORE_09,Rainy,0.96,59.2
2024-02-29,STORE_10,Rainy,0.95,57.3
2024-03-01,STORE_01,Sunny,1.03,88.7
2024-03-01,STORE_02,Sunny,0.95,52.8
2024-03-01,STORE_03,Sunny,1.06,41.5
2024-03-01,STORE_04,Sunny,1.0,82.8
2024-03-01,STORE_05,Sunny,0.9,80.8
2024-03-01,STORE_06,Sunny,1.1,74.3
2024-03-01,STORE_07,Sunny,1.01,72.2
2024-03-01,STORE_08,Sunny,0.94,60.1
2024-03-01,STORE_09,Sunny,1.05,51.8
2024-03-01,STORE_10,Sunny,1.14,50.1
2024-03-02,STORE_01,Sunny,0.96,32.0
2024-03-02,STORE_02,Sunny,0.99,76.3
2024-03-02,STORE_03,Sunny,0.99,59.3
2024-03-02,STORE_04,Sunny,1.05,20.0
2024-03-02,STORE_05,Sunny,1.01,39.0
2024-03-02,STORE_06,Sunny,1.01,21.1
2024-03-02,STORE_07,Sunny,1.06,31.8
2024-03-02,STORE_08,Sunny,1.01,68.8
2024-03-02,STORE_09,Sunny,0.94,76.5
2024-03-02,STORE_10,Sunny,1.09,82.1
2024-03-03,STORE_01,Sunny,1.06,21.0
2024-03-03,STORE_02,Sunny,1.1,76.7
2024-03-03,STORE_03,Sunny,0.98,61.2
2024-03-03,STORE_04,Sunny,1.03,32.3
2024-03-03,STORE_05,Sunny,0.96,17.8
2024-03-03,STORE_06,Sunny,1.04,28.8
2024-03-03,STORE_07,Sunny,1.07,10.8
2024-03-03,STORE_08,Sunny,1.01,81.7
2024-03-03,STORE_09,Sunny,1.03,70.8
2024-03-03,STORE_10,Sunny,1.0,61.4
2024-03-04,STORE_01,Cloudy,0.92,89.2
2024-03-04,STORE_02,Cloudy,0.97,36.1
2024-03-04,STORE_03,Cloudy,0.97,47.2
2024-03-04,STORE_04,Cloudy,1.01,74.7
2024-03-04,STORE_05,Cloudy,1.0,95.7
2024-03-04,STORE_06,Cloudy,1.05,79.4
2024-03-04,STORE_07,Cloudy,0.92,76.8
2024-03-04,STORE_08,Cloudy,1.06,62.1
2024-03-04,STORE_09,Cloudy,0.98,42.1
2024-03-04,STORE_10,Cloudy,1.02,40.8
2024-03-05,STORE_01,Cloudy,1.05,86.0
2024-03-05,STORE_02,Cloudy,1.02,55.3
2024-03-05,STORE_03,Cloudy,1.0,67.6
2024-03-05,STORE_04,Cloudy,1.02,63.2
2024-03-05,STORE_05,Cloudy,0.95,100.0
2024-03-05,STORE_06,Cloudy,1.02,81.4
2024-03-05,STORE_07,Cloudy,0.95,84.5
2024-03-05,STORE_08,Cloudy,1.12,61.2
2024-03-05,STORE_09,Cloudy,0.95,52.0
2024-03-05,STORE_10,Cloudy,1.01,34.5
2024-03-06,STORE_01,Cloudy,1.0,94.7
2024-03-06,STORE_02,Cloudy,0.95,41.6
2024-03-06,STORE_03,Cloudy,1.01,58.4
2024-03-06,STORE_04,Cloudy,1.06,78.5
2024-03-06,STORE_05,Cloudy,1.07,77.0
2024-03-06,STORE_06,Cloudy,1.11,79.8
2024-03-06,STORE_07,Cloudy,0.95,91.0
2024-03-06,STORE_08,Cloudy,1.04,29.7
2024-03-06,STORE_09,Cloudy,0.99,46.3
2024-03-06,STORE_10,Cloudy,1.05,57.7
2024-03-07,STORE_01,Sunny,1.08,65.4
2024-03-07,STORE_02,Sunny,1.08,47.2
2024-03-07,STORE_03,Sunny,0.99,56.8
2024-03-07,STORE_04,Sunny,0.98,69.8
2024-03-07,STORE_05,Sunny,1.0,89.3
2024-03-07,STORE_06,Sunny,0.99,79.1
2024-03-07,STORE_07,Sunny,0.89,85.8
2024-03-07,STORE_08,Sunny,0.95,54.6
2024-03-07,STORE_09,Sunny,0.92,38.5
2024-03-07,STORE_10,Sunny,0.93,32.1
2024-03-08,STORE_01,Cloudy,0.96,94.9
2024-03-08,STORE_02,Cloudy,1.03,51.7
2024-03-08,STORE_03,Cloudy,0.97,74.4
2024-03-08,STORE_04,Cloudy,1.07,57.0
2024-03-08,STORE_05,Cloudy,0.98,76.7
2024-03-08,STORE_06,Cloudy,0.98,73.8
2024-03-08,STORE_07,Cloudy,1.03,76.6
2024-03-08,STORE_08,Cloudy,0.97,50.8
2024-03-08,STORE_09,Cloudy,1.01,60.0
2024-03-08,STORE_10,Cloudy,1.05,31.5
2024-03-09,STORE_01,Rainy,1.0,21.8
2024-03-09,STORE_02,Rainy,1.01,78.6
2024-03-09,STORE_03,Rainy,0.96,54.2
2024-03-09,STORE_04,Rainy,1.0,29.3
2024-03-09,STORE_05,Rainy,0.93,39.7
2024-03-09,STORE_06,Rainy,1.07,25.1
2024-03-09,STORE_07,Rainy,0.98,42.7
2024-03-09,STORE_08,Rainy,1.03,74.9
2024-03-09,STORE_09,Rainy,1.0,72.0
2024-03-09,STORE_10,Rainy,0.87,74.4
2024-03-10,STORE_01,Cloudy,1.02,31.9
2024-03-10,STORE_02,Cloudy,1.0,83.8
2024-03-10,STORE_03,Cloudy,1.04,64.1
2024-03-10,STORE_04,Cloudy,0.95,28.3
2024-03-10,STORE_05,Cloudy,1.08,7.4
2024-03-10,STORE_06,Cloudy,0.97,21.3
2024-03-10,STORE_07,Cloudy,1.04,17.7
2024-03-10,STORE_08,Cloudy,0.93,67.1
2024-03-10,STORE_09,Cloudy,1.06,73.3
2024-03-10,STORE_10,Cloudy,0.97,81.4
2024-03-11,STORE_01,Cloudy,1.06,79.4
2024-03-11,STORE_02,Cloudy,1.07,54.7
2024-03-11,STORE_03,Cloudy,1.0,55.2
2024-03-11,STORE_04,Cloudy,1.04,97.7
2024-03-11,STORE_05,Cloudy,0.94,90.7
2024-03-11,STORE_06,Cloudy,1.01,72.1
2024-03-11,STORE_07,Cloudy,0.97,86.5
2024-03-11,STORE_08,Cloudy,1.08,51.4
2024-03-11,STORE_09,Cloudy,0.94,57.0
2024-03-11,STORE_10,Cloudy,0.96,48.9
2024-03-12,STORE_01,Sunny,0.97,69.8
2024-03-12,STORE_02,Sunny,0.99,44.6
2024-03-12,STORE_03,Sunny,0.88,52.9
2024-03-12,STORE_04,Sunny,0.98,51.2
2024-03-12,STORE_05,Sunny,1.01,83.0
2024-03-12,STORE_06,Sunny,1.0,77.7
2024-03-12,STORE_07,Sunny,0.96,86.3
2024-03-12,STORE_08,Sunny,1.01,60.1
2024-03-12,STORE_09,Sunny,1.0,55.5
2024-03-12,STORE_10,Sunny,1.03,71.0
2024-03-13,STORE_01,Sunny,0.99,70.5
2024-03-13,STORE_02,Sunny,1.0,49.1
2024-03-13,STORE_03,Sunny,0.95,50.5
2024-03-13,STORE_04,Sunny,0.94,67.8
2024-03-13,STORE_05,Sunny,0.89,94.8
2024-03-13,STORE_06,Sunny,1.07,96.5
2024-03-13,STORE_07,Sunny,0.87,82.0
2024-03-13,STORE_08,Sunny,1.0,46.4
2024-03-13,STORE_09,Sunny,0.97,39.9
2024-03-13,STORE_10,Sunny,1.03,65.3
2024-03-14,STORE_01,Sunny,0.97,61.1
2024-03-14,STORE_02,Sunny,1.05,56.2
2024-03-14,STORE_03,Sunny,1.13,36.0
2024-03-14,STORE_04,Sunny,0.93,66.0
2024-03-14,STORE_05,Sunny,0.98,90.0
2024-03-14,STORE_06,Sunny,1.03,80.0
2024-03-14,STORE_07,Sunny,0.91,69.7
2024-03-14,STORE_08,Sunny,1.05,44.0
2024-03-14,STORE_09,Sunny,1.08,44.5
2024-03-14,STORE_10,Sunny,1.01,62.0
2024-03-15,STORE_01,Rainy,1.02,67.0
2024-03-15,STORE_02,Rainy,0.89,62.8
2024-03-15,STORE_03,Rainy,0.88,55.0
2024-03-15,STORE_04,Rainy,1.08,65.3
2024-03-15,STORE_05,Rainy,0.94,79.2
2024-03-15,STORE_06,Rainy,1.1,83.0
2024-03-15,STORE_07,Rainy,0.95,66.7
2024-03-15,STORE_08,Rainy,1.09,65.0
2024-03-15,STORE_09,Rainy,0.94,49.0
2024-03-15,STORE_10,Rainy,1.08,71.0
2024-03-16,STORE_01,Sunny,0.97,42.0
2024-03-16,STORE_02,Sunny,1.02,53.8
2024-03-16,STORE_03,Sunny,1.09,76.1
2024-03-16,STORE_04,Sunny,1.04,36.6
2024-03-16,STORE_05,Sunny,1.12,17.4
2024-03-16,STORE_06,Sunny,0.97,16.0
2024-03-16,STORE_07,Sunny,0.93,38.1
2024-03-16,STORE_08,Sunny,1.01,51.5
2024-03-16,STORE_09,Sunny,0.99,70.0
2024-03-16,STORE_10,Sunny,0.95,79.9
2024-03-17,STORE_01,Sunny,1.01,36.4
2024-03-17,STORE_02,Sunny,0.94,68.9
2024-03-17,STORE_03,Sunny,0.96,72.3
2024-03-17,STORE_04,Sunny,1.06,8.1
2024-03-17,STORE_05,Sunny,1.0,29.6
2024-03-17,STORE_06,Sunny,1.05,22.3
2024-03-17,STORE_07,Sunny,1.05,22.2
2024-03-17,STORE_08,Sunny,1.07,67.0
2024-03-17,STORE_09,Sunny,1.01,73.2
2024-03-17,STORE_10,Sunny,1.01,57.3
2024-03-18,STORE_01,Sunny,0.96,68.7
2024-03-18,STORE_02,Sunny,0.91,55.2
2024-03-18,STORE_03,Sunny,1.09,34.4
2024-03-18,STORE_04,Sunny,1.01,67.7
2024-03-18,STORE_05,Sunny,1.0,70.1
2024-03-18,STORE_06,Sunny,0.92,77.8
2024-03-18,STORE_07,Sunny,1.06,98.4
2024-03-18,STORE_08,Sunny,1.05,48.9
2024-03-18,STORE_09,Sunny,1.04,69.0
2024-03-18,STORE_10,Sunny,1.01,54.8
2024-03-19,STORE_01,Rainy,1.05,65.3
2024-03-19,STORE_02,Rainy,0.99,53.4
2024-03-19,STORE_03,Rainy,0.96,41.8
2024-03-19,STORE_04,Rainy,1.0,95.5
2024-03-19,STORE_05,Rainy,0.96,92.8
2024-03-19,STORE_06,Rainy,1.05,77.2
2024-03-19,STORE_07,Rainy,0.98,71.5
2024-03-19,STORE_08,Rainy,1.01,50.3
2024-03-19,STORE_09,Rainy,1.02,48.2
2024-03-19,STORE_10,Rainy,1.04,56.9
2024-03-20,STORE_01,Cloudy,1.02,74.0
2024-03-20,STORE_02,Cloudy,0.96,53.8
2024-03-20,STORE_03,Cloudy,1.08,55.3
2024-03-20,STORE_04,Cloudy,0.93,75.2
2024-03-20,STORE_05,Cloudy,0.91,78.1
2024-03-20,STORE_06,Cloudy,1.04,97.9
2024-03-20,STORE_07,Cloudy,0.93,80.0
2024-03-20,STORE_08,Cloudy,0.97,41.7
2024-03-20,STORE_09,Cloudy,1.0,51.1
2024-03-20,STORE_10,Cloudy,0.97,63.4
2024-03-21,STORE_01,Rainy,1.02,71.6
2024-03-21,STORE_02,Rainy,1.02,48.8
2024-03-21,STORE_03,Rainy,0.99,45.0
2024-03-21,STORE_04,Rainy,1.0,65.1
2024-03-21,STORE_05,Rainy,0.94,76.9
2024-03-21,STORE_06,Rainy,1.01,87.6
2024-03-21,STORE_07,Rainy,0.98,92.8
2024-03-21,STORE_08,Rainy,1.03,54.1
2024-03-21,STORE_09,Rainy,0.96,54.4
2024-03-21,STORE_10,Rainy,1.02,51.5
2024-03-22,STORE_01,Sunny,1.0,97.2
2024-03-22,STORE_02,Sunny,1.0,39.5
2024-03-22,STORE_03,Sunny,0.97,59.9
2024-03-22,STORE_04,Sunny,1.02,73.7
2024-03-22,STORE_05,Sunny,1.04,97.0
2024-03-22,STORE_06,Sunny,0.98,93.2
2024-03-22,STORE_07,Sunny,0.96,89.0
2024-03-22,STORE_08,Sunny,1.06,58.5
2024-03-22,STORE_09,Sunny,0.98,55.5
2024-03-22,STORE_10,Sunny,1.09,48.0
2024-03-23,STORE_01,Rainy,0.98,18.8
2024-03-23,STORE_02,Rainy,1.06,71.8
2024-03-23,STORE_03,Rainy,0.96,76.0
2024-03-23,STORE_04,Rainy,1.01,54.9
2024-03-23,STORE_05,Rainy,0.99,32.8
2024-03-23,STORE_06,Rainy,1.04,25.3
2024-03-23,STORE_07,Rainy,1.05,32.2
2024-03-23,STORE_08,Rainy,0.98,78.7
2024-03-23,STORE_09,Rainy,1.02,64.3
2024-03-23,STORE_10,Rainy,0.99,79.3
2024-03-24,STORE_01,Sunny,1.01,30.7
2024-03-24,STORE_02,Sunny,1.04,56.1
2024-03-24,STORE_03,Sunny,0.96,80.0
2024-03-24,STORE_04,Sunny,0.98,19.8
2024-03-24,STORE_05,Sunny,0.99,20.2
2024-03-24,STORE_06,Sunny,1.01,19.4
2024-03-24,STORE_07,Sunny,0.94,6.3
2024-03-24,STORE_08,Sunny,1.05,42.8
2024-03-24,STORE_09,Sunny,1.05,70.2
2024-03-24,STORE_10,Sunny,1.0,58.6
2024-03-25,STORE_01,Rainy,0.99,73.2
2024-03-25,STORE_02,Rainy,1.09,60.0
2024-03-25,STORE_03,Rainy,0.91,33.6
2024-03-25,STORE_04,Rainy,1.03,68.8
2024-03-25,STORE_05,Rainy,1.05,90.0
2024-03-25,STORE_06,Rainy,0.88,73.0
2024-03-25,STORE_07,Rainy,0.96,93.6
2024-03-25,STORE_08,Rainy,1.01,29.8
2024-03-25,STORE_09,Rainy,0.99,57.9
2024-03-25,STORE_10,Rainy,0.99,45.4
2024-03-26,STORE_01,Sunny,0.98,60.9
2024-03-26,STORE_02,Sunny,1.03,54.8
2024-03-26,STORE_03,Sunny,0.99,51.5
2024-03-26,STORE_04,Sunny,1.04,73.8
2024-03-26,STORE_05,Sunny,0.95,85.3
2024-03-26,STORE_06,Sunny,0.93,72.7
2024-03-26,STORE_07,Sunny,1.04,99.6
2024-03-26,STORE_08,Sunny,0.98,48.9
2024-03-26,STORE_09,Sunny,1.05,44.3
2024-03-26,STORE_10,Sunny,0.97,69.0
2024-03-27,STORE_01,Cloudy,1.0,77.8
2024-03-27,STORE_02,Cloudy,1.0,53.2
2024-03-27,STORE_03,Cloudy,1.04,41.9
2024-03-27,STORE_04,Cloudy,1.0,77.3
2024-03-27,STORE_05,Cloudy,1.07,75.2
2024-03-27,STORE_06,Cloudy,0.97,91.6
2024-03-27,STORE_07,Cloudy,0.98,95.0
2024-03-27,STORE_08,Cloudy,0.96,42.2
2024-03-27,STORE_09,Cloudy,1.02,32.3
2024-03-27,STORE_10,Cloudy,0.94,31.7
2024-03-28,STORE_01,Rainy,1.05,74.8
2024-03-28,STORE_02,Rainy,0.98,42.8
2024-03-28,STORE_03,Rainy,0.95,39.4
2024-03-28,STORE_04,Rainy,0.98,65.8
2024-03-28,STORE_05,Rainy,1.01,81.2
2024-03-28,STORE_06,Rainy,1.02,76.1
2024-03-28,STORE_07,Rainy,0.98,89.9
2024-03-28,STORE_08,Rainy,1.0,42.0
2024-03-28,STORE_09,Rainy,1.01,48.0
2024-03-28,STORE_10,Rainy,1.0,65.7
2024-03-29,STORE_01,Rainy,1.01,73.4
2024-03-29,STORE_02,Rainy,0.95,40.1
2024-03-29,STORE_03,Rainy,0.92,36.1
2024-03-29,STORE_04,Rainy,1.01,62.8
2024-03-29,STORE_05,Rainy,1.03,76.1
2024-03-29,STORE_06,Rainy,0.9,85.3
2024-03-29,STORE_07,Rainy,1.04,91.5
2024-03-29,STORE_08,Rainy,1.02,40.1
2024-03-29,STORE_09,Rainy,1.0,41.4
2024-03-29,STORE_10,Rainy,0.91,37.4
2024-03-30,STORE_01,Sunny,1.02,28.7
2024-03-30,STORE_02,Sunny,0.99,75.6
2024-03-30,STORE_03,Sunny,0.97,74.0
2024-03-30,STORE_04,Sunny,0.97,43.1
2024-03-30,STORE_05,Sunny,0.93,32.0
2024-03-30,STORE_06,Sunny,0.98,16.2
2024-03-30,STORE_07,Sunny,1.04,22.8
2024-03-30,STORE_08,Sunny,0.94,57.5
2024-03-30,STORE_09,Sunny,1.07,56.0
2024-03-30,STORE_10,Sunny,0.95,73.0
2024-03-31,STORE_01,Rainy,0.98,20.3
2024-03-31,STORE_02,Rainy,0.96,63.9
2024-03-31,STORE_03,Rainy,0.93,79.8
2024-03-31,STORE_04,Rainy,1.04,46.1
2024-03-31,STORE_05,Rainy,0.98,30.9
2024-03-31,STORE_06,Rainy,0.93,18.5
2024-03-31,STORE_07,Rainy,1.02,14.8
2024-03-31,STORE_08,Rainy,0.94,83.0
2024-03-31,STORE_09,Rainy,0.99,66.3
2024-03-31,STORE_10,Rainy,1.03,56.0
